iso3c,country,SP.POP.TOTL,SL.AGR.EMPL.ZS,SL.IND.EMPL.ZS,SL.SRV.EMPL.ZS,asalariados,patrones,tcp,familiares,rel_salariales,rel_no_salariales
AFG,Afghanistan,29620293.90909091,55.02499944513494,14.166636120189319,30.80836382779207,11.235999974337497,0.8877272768454124,57.513001295653254,30.36327275362882,12.12372725118291,87.87627404928207
AGO,Angola,23475050.818181816,46.83636335893111,8.321909124200994,44.84200044111772,30.5214545510032,4.167090892791748,56.718999385833726,8.592454476789996,34.68854544379495,65.31145386262372
ALB,Albania,2930218.1818181816,44.518090681596235,17.887545498934653,37.59445502541283,40.62136355313388,2.148999994451349,28.83427307822489,28.395363374189877,42.770363547585234,57.229636452414766
ARE,United Arab Emirates,7761585.636363637,3.4442727240649136,36.22590879960493,60.329908544367,96.41427196155895,2.67081823132255,0.9107272303239848,0.004181818189946007,99.08509019288151,0.9149090485139308
ARG,Argentina,40928878.81818182,0.893545456907967,23.70954548228871,75.39690815318716,76.1865463256836,4.131272706118496,18.940636385570876,0.7415454496036915,80.31781903180209,19.682181835174568
ARM,Armenia,2912866.3636363638,37.31109064275567,17.51690907911821,45.17209105058151,56.431818181818194,0.6634545488791036,28.59954541921617,14.305181850086555,57.095272730697296,42.904727269302725
AUS,Australia,22035113.545454547,3.0734545317563153,20.849454879760746,76.07718242298472,82.02545512806286,6.6930909156799325,11.02600027756258,0.255454545671288,88.71854604374279,11.281454823233869
AUT,Austria,8391881.090909092,5.035363674163819,26.245636333118792,68.71909193559128,86.68009047074752,4.682545401833274,6.705454598773604,1.931909095157276,91.3626358725808,8.63736369393088
AZE,Azerbaijan,9026614.727272727,38.10000055486505,13.334545568986373,48.565454656427555,32.408726605502046,11.417272654446698,21.0281813361428,35.14581853693181,43.825999259948745,56.173999873074614
BDI,Burundi,8707573.363636363,92.10754671963778,1.7798181663859964,6.112818197770552,5.277363733811813,0.07245454327626663,63.84063624929298,30.809545343572445,5.3498182770880796,94.65018159286542
BEL,Belgium,10894743.909090908,1.4971818273717719,23.16800030795011,75.33490961248224,85.2698183926669,4.35499993237582,9.225818222219305,1.1493636261333116,89.62481832504272,10.375181848352616
BEN,Benin,9232023.909090908,43.76327202536844,18.902818159623575,37.33418204567649,9.93663631786,1.254181818528609,71.80136346817017,17.007818222045913,11.190818136388609,88.80918169021608
BFA,Burkina Faso,15669249.090909092,47.752727335149594,21.59890920465642,30.648272601040937,9.121636434034865,0.7340000000866976,45.72445413199336,44.419909043745584,9.855636434121562,90.14436317573895
BGD,Bangladesh,147658558.72727272,46.8019097068093,17.151272773742683,36.04663675481622,37.54590953480113,0.5608181709592994,41.738636257973575,20.154636383056648,38.106727705760434,61.89327264103022
BGR,Bulgaria,7405381.363636363,7.246727249839088,32.893636356700554,59.85954527421431,87.51063537597656,3.741000045429578,7.755181816491209,0.9931818084283304,91.25163542140614,8.74836362491954
BHR,Bahrain,1184102.4545454546,1.15290909463709,34.23881808194246,64.60818134654653,96.75381816517225,1.7421818213029354,0.9860908795486774,0.5179090906273234,98.49599998647518,1.5039999701760007
BHS,"Bahamas, The",352425.0909090909,2.6927273273468018,16.402818506414228,80.90436415238814,85.95736278187145,0.012454545633359373,13.77363626591185,0.25654545290903563,85.96981732750481,14.030181718820886
BIH,Bosnia and Herzegovina,3655403.5454545454,19.68636374040083,30.787909074263162,49.52581821788441,73.80509116432884,4.779818188060412,16.309727300297133,5.105363694104284,78.58490935238926,21.415090994401417
BLR,Belarus,9520265.090909092,11.132545557889069,31.89209088412198,56.975454850630335,95.8655444058505,0.8000909035856073,3.3003636068579834,0.03399999998509884,96.66563530943611,3.334363606843082
BLZ,Belize,322395.1818181818,18.8926365592263,16.63254573128441,64.47490830854937,69.25563673539595,6.910090923309325,20.530636137182075,3.3036363775079884,76.16572765870528,23.834272514690063
BOL,Bolivia,10050024.454545455,31.908727125688028,20.234636133367374,47.85663674094461,34.933909156105734,4.965999993410978,39.29090929031371,20.80918208035557,39.899909149516716,60.100091370669276
BRA,Brazil,195557149.45454547,12.910272858359608,22.5634547146884,64.52627251364967,67.41299993341619,4.173909122293645,24.748909473419182,3.6641818176616354,71.58690905570984,28.413091291080818
BRB,Barbados,281528.45454545453,3.0057272477583457,18.198999751697873,78.7951819679954,83.89208984375,0.991363628344102,15.042090854861511,0.07445454597473145,84.8834534720941,15.116545400836243
BRN,Brunei Darussalam,389462.63636363635,0.7262727293101223,19.391454523259934,79.88236444646661,92.48154518821022,2.9234545447609634,4.088545541871678,0.5064545517618004,95.40499973297118,4.5950000936334785
BTN,Bhutan,687137.7272727273,59.964636369185015,8.514272689819343,31.52127283269709,29.000909111716528,0.11309091001749053,29.142637031322195,41.74336346712978,29.114000021734018,70.88600049845198
BWA,Botswana,1972136.9090909092,23.598908857865762,18.79700001803311,57.6039092323997,69.8682729547674,2.5607272928411318,22.55863618850708,5.012363563884389,72.42900024760854,27.57099975239147
CAF,Central African Republic,4328414.363636363,79.0562737204812,5.9090000065890225,15.034999934109763,7.193999984047628,1.12936363436959,53.54154694080351,38.1350905678489,8.323363618417218,91.6766375086524
CAN,Canada,33987427.36363637,1.87363635409962,20.866727135398182,77.26000074906784,84.47281785444778,4.961000052365389,10.433091011914343,0.13309090787714162,89.43381790681318,10.566181919791484
CHE,Switzerland,7832566.454545454,3.6009999838742344,22.076363650235262,74.32281840931287,84.44390938498758,6.106636307456277,7.344454646110545,2.105000008236278,90.55054569244385,9.449454654346823
CHI,Channel Islands,159022.18181818182,4.698181845925071,27.016091086647744,68.28581862016159,84.92627299915661,4.7531818043101906,9.055999907580304,1.2645454623482415,89.6794548034668,10.320545369928546
CHL,Chile,17059831.09090909,10.940090959722335,23.366727482188836,65.69327267733486,73.11781796542081,3.768272703344171,21.58790914578873,1.5260000120509751,76.88609066876498,23.113909157839704
CHN,China,1337630909.090909,36.407271992076524,28.044181823730465,35.54863617636943,46.264454234730124,1.3877272822640163,33.40118219635702,18.94663628664884,47.65218151699414,52.34781848300586
CIV,Cote d'Ivoire,20637773.363636363,46.96772731434214,11.56872731989081,41.46354536576703,22.339181553233754,0.9978181828152054,57.55345438285307,19.109545360911973,23.33699973604896,76.66299974376504
CMR,Cameroon,20410942.727272727,54.662727355957024,12.358090920881791,32.97890923239967,20.324636285955254,2.674636363983154,57.173636046322926,19.827090610157356,22.99927264993841,77.00072665648028
COD,"Congo, Dem. Rep.",64944358.54545455,69.72572673450816,8.73563627763228,21.538272510875355,14.825090928511182,1.7836363640698518,61.038363966074854,22.352999947287827,16.608727292581033,83.39136391336268
COG,"Congo, Rep.",4254137.7272727275,37.56263663552025,23.19500021501021,39.24254504117099,22.376454786820844,1.120818181471391,70.81581896001643,5.686909112063319,23.497272968292236,76.50272807207975
COL,Colombia,45140086.81818182,18.17618196660821,19.800272508101028,62.023454492742374,48.096636338667416,4.835909106514671,42.51772720163521,4.549727353182703,52.932545445182086,47.067454554817914
COM,Comoros,691691.2727272727,53.66281856190076,13.727727196433328,32.60936390269886,30.470999631014728,4.967000050978227,51.23554546182805,13.326454509388313,35.437999681992956,64.56199997121637
CPV,Cabo Verde,493298.1818181818,16.443454742431644,21.924545288085938,61.63181825117633,58.45427287708631,3.3565454266288035,27.34972713210365,10.839454564181242,61.810818303715116,38.18918169628489
CRI,Costa Rica,4573016.181818182,12.075818235223952,19.886818105524238,68.03708995472302,74.25163685191762,5.144090955907648,18.49545436555689,2.1088181734085083,79.39572780782527,20.604272538965397
CUB,Cuba,11261058,19.144727013327863,17.69181823730469,63.163363023237764,83.4377281882546,2.1888181621378138,12.978909156539203,1.394545446742665,85.6265463503924,14.373454603281868
CYP,Cyprus,1104195.9090909092,3.964636347510598,20.53245457735928,75.50300043279474,81.06818181818183,4.9037273146889415,12.081363515420405,1.9467272650111802,85.97190913287076,14.028090780431585
CZE,Czech Republic,10422222.636363637,3.223000006242231,38.80981861461294,57.96699974753639,82.8542737093839,3.6176363554867836,12.883727512576371,0.6443636363202891,86.47191006487068,13.52809114889666
DEU,Germany,81537918.27272727,1.771636345169761,28.7076363997026,69.52045579390091,88.41300062699753,4.78145456314087,6.097909046844998,0.7076363699002695,93.1944551901384,6.805545416745267
DJI,Djibouti,844130.8181818182,40.32136362249201,11.683454600247455,47.995181690562845,50.547908782958984,2.314363631335172,37.6090914336118,9.528636152094059,52.862272414294154,47.13772758570586
DNK,Denmark,5544234.090909091,2.6637272834777845,21.03081807223233,76.30554546009411,90.99845470081675,3.69254545731978,4.913727284832435,0.39527273042635436,94.69100015813653,5.309000015258789
DOM,Dominican Republic,9693085.454545455,12.203636256131254,19.604181983254165,68.19218098033558,54.03463641079989,4.080818154595114,39.787272691726685,2.0972727428783102,58.115454565395005,41.884545434604995
DZA,Algeria,36166983.36363637,13.013545469804246,29.42909102006393,57.55745419588956,67.41036501797765,4.231727253306995,25.337182543494485,3.0207272659648545,71.64209227128465,28.35790980945934
ECU,Ecuador,15008398.636363637,27.89363653009589,18.641363664106883,53.46518117731268,54.53290904651988,4.418000004508278,31.150545510378755,9.89854543859309,58.95090905102816,41.049090948971845
EGY,"Egypt, Arab Rep.",83307709.18181819,29.226363442160874,23.623454700816755,47.150272369384766,61.03409056230026,14.248454527421437,12.444909442554835,12.272545467723479,75.2825450897217,24.717454910278313
ERI,Eritrea,3044072.285714286,64.25827234441584,9.245999943126336,26.49536375565963,12.355545477433637,0.48309091004458354,47.54572774063459,39.61563630537552,12.838636387478221,87.1613640460101
ESP,Spain,45930248.81818182,4.3609090284867715,24.091545451771136,71.54754569313742,82.66127222234552,5.284545464949174,11.142272694544355,0.9119090979749522,87.94581768729469,12.054181792519307
EST,Estonia,1331220.8181818181,4.3758181875402284,32.217363530939274,63.4067268371582,91.31836284290661,3.4380908879366783,4.991545403545555,0.2519999986345116,94.75645373084329,5.243545402180066
ETH,Ethiopia,88043851.9090909,73.83654507723723,8.055454644289885,18.108182040127854,10.589363791725852,0.5824545405127787,47.58200052651493,41.246181834827766,11.17181833223863,88.8281823613427
FIN,Finland,5363542.181818182,4.420181794600055,23.803272767500445,71.77672784978694,86.67963548140092,4.045999960465864,8.762818241661257,0.5115454494953156,90.72563544186679,9.274363691156573
FJI,Fiji,852153.2727272727,43.29136345603251,14.117909084666863,42.59090909090909,56.1164543845437,1.1433636058460572,24.103363817388356,18.636818192221902,57.259817990389756,42.74018200961026
FRA,France,64980736.63636363,3.08127271045338,22.293090993707835,74.6253634366122,88.7478193803267,4.399818073619496,6.253272731195802,0.5989999960769303,93.1476374539462,6.852272727272732
GAB,Gabon,1644341.6363636365,37.12218232588333,10.230909174138842,52.646727128462366,64.97699980302292,2.2786363580010156,31.422999512065537,1.32136363332922,67.25563616102393,32.74436314539476
GBR,United Kingdom,62747812.18181818,1.214545445008711,20.183727091008983,78.60163601962003,85.98572678999469,2.679545424201271,10.994090727784412,0.3406363644383177,88.66527221419595,11.33472709222273
GEO,Georgia,3794564.5454545454,49.555545806884766,10.411272742531507,40.03318197076972,40.375454642555944,1.2583636316386122,34.00436306541615,24.36181831359864,41.63381827419455,58.36618137901479
GHA,Ghana,24794318.636363637,48.59854611483486,14.591363560069672,36.809999639337725,20.84363642605868,5.234727209264581,62.00481835278598,11.916818185286097,26.07836363532326,73.92163653807208
GIN,Guinea,10216270.909090908,67.24672837690875,5.399545452811503,27.353909405795,7.585181713104246,1.9793636582114482,58.29809089140459,32.137363954023876,9.564545371315695,90.43545484542847
GMB,"Gambia, The",1802233.1818181819,31.433636405251235,16.087999777360398,52.47809011285956,25.173363945700917,1.4590909155932337,60.382272384383484,12.98527258092706,26.63245486129415,73.36754496531054
GNB,Guinea-Bissau,1530306.9090909092,71.00418160178445,7.133545485409823,21.862181923606165,21.465181697498664,1.3700000264427863,52.209909558296204,24.95490889115767,22.83518172394145,77.16481844945388
GNQ,Equatorial Guinea,949736.0909090909,42.333908774636015,21.883818019520163,35.78236354481089,13.307181791825727,9.064636490561746,67.94308965856376,9.685090845281422,22.371818282387473,77.62818050384519
GRC,Greece,11017342.272727273,12.360363613475455,19.045545491305262,68.59418071400036,64.17927273837003,7.541090835224498,22.729545506564058,5.55009091984142,71.72036357359453,28.279636426405478
GTM,Guatemala,14648868.909090908,32.77072698419744,20.976908943869862,46.25254509665749,54.319909182461835,3.229090950705789,30.67263637889514,11.778363487937241,57.549000133167624,42.45099986683238
GUM,Guam,159687.9090909091,0.3246363699436187,14.770727244290436,84.90463672984731,87.45745433460583,3.3255454626950347,8.540454588153155,0.6765454411506653,90.78299979730086,9.21700002930382
GUY,Guyana,752770.4545454546,20.305908896706327,23.643818421797327,56.0500911365856,65.90263574773617,6.203545440327037,22.676818414167926,5.2170909101312795,72.1061811880632,27.893909324299205
HKG,"Hong Kong SAR, China",7042072.7272727275,0.22036363726312455,13.140909108248627,86.63890907981178,89.40218145197088,3.64036360653964,6.480727236379275,0.47672727162187734,93.04254505851051,6.9574545080011525
HND,Honduras,8303580.818181818,33.93809093128551,21.128181630914874,44.933818123557344,47.2530912919478,12.04972726648503,31.48554498499091,9.211636456576272,59.302818558432826,40.69718144156718
HRV,Croatia,4280699.636363637,12.788181825117617,28.46490912003949,58.74699922041461,79.71663665771484,4.931090875105424,13.146636290983716,2.205636349591341,84.64772753282027,15.352272640575057
HTI,Haiti,9947802,32.997363177212804,6.956454580480402,60.046182459050975,25.077727404507726,0.7410000129179521,50.58663687922739,23.594636223532937,25.818727417425677,74.18127310276033
HUN,Hungary,9979067.545454545,4.725727341391822,31.159363833340738,64.1150911504572,87.91154549338603,5.315909082239324,6.389000144871805,0.38354545289819875,93.22745457562536,6.772545597770003
IDN,Indonesia,242072163.45454547,38.49299968372692,19.728090633045547,41.77890916304155,42.0167271007191,3.186090924523093,38.02854544466192,16.768636530095883,45.202818025242195,54.797181974757805
IND,India,1231968825,50.49927243319424,22.173999959772292,27.32672726024281,17.82909107208252,1.4295454567128956,64.35918221690439,16.382181861183867,19.258636528795414,80.74136407808825
IRL,Ireland,4507331.909090909,5.6141817352988515,20.858363585038617,73.52754558216442,83.1846362027255,5.100363601337782,10.932182013988488,0.7828181819482296,88.28499980406328,11.715000195936717
IRN,"Iran, Islamic Rep.",73916024.63636364,20.32163654674183,32.35381819985129,47.32454508001155,54.36827295476741,4.413818142630834,33.564454338767305,7.653454563834444,58.78209109739825,41.21790890260175
IRQ,Iraq,30467192.09090909,21.90590893138539,21.81745459816672,56.27681801535866,70.24009219082919,3.39381818337874,20.077545534480706,6.28854547847401,73.63391037420793,26.366091012954715
ISL,Iceland,317066.45454545453,5.276818188753994,19.615181836214937,75.10827220569958,86.82899960604583,4.328181830319492,8.403091029687346,0.4397272738543432,91.15718143636532,8.842818303541689
ISR,Israel,7628500,1.3949090892618372,19.41009087996051,79.19518210671166,88.12527257745917,4.15754543651234,7.519727265292959,0.19745454734021983,92.28281801397151,7.717181812633179
ITA,Italy,59311283.81818182,3.81536362387917,28.630272951993074,67.55445445667614,74.65845489501953,6.828636342828925,16.910454544154067,1.6024545647881254,81.48709123784846,18.512909108942193
JAM,Jamaica,2813067,18.094636396928273,16.235454472628508,65.66981887817383,60.58563648570667,3.162727247584952,35.16654535857114,1.0850909081372322,63.748363733291626,36.251636266708374
JOR,Jordan,7380434.454545454,3.5750000043348846,26.1236360723322,70.30108989368784,84.90472758900036,5.779181783849544,8.768000066280365,0.5480909076603986,90.6839093728499,9.316090973940764
JPN,Japan,127739272.72727273,4.053000016645952,26.187091133811265,69.7598183371804,87.21945398504083,2.4223636497150762,7.134181694550944,3.2239999771118155,89.64181763475591,10.35818167166276
KAZ,Kazakhstan,16294902.727272727,27.070272619074036,19.150090651078663,53.77954587069424,67.74018235640094,1.7316363724795265,29.845272700894963,0.682909090410579,69.47181872888046,30.528181791305542
KEN,Kenya,42120380.18181818,59.861454356800415,6.455181858756324,33.68336348100144,38.72209115461868,1.0299999984827928,41.28009067340331,18.967818346890546,39.752091153101475,60.247909020293854
KGZ,Kyrgyz Republic,5493918.181818182,32.93890901045367,20.415090907703764,46.64599990844727,58.0248180736195,1.060818189924414,29.691181751814756,11.223181984641332,59.08563626354391,40.91436373645609
KHM,Cambodia,14351347.545454545,54.67154520208188,17.36600008877841,27.962545394897482,31.09254542264072,0.21772726963866837,51.51645478470759,17.17327269640836,31.310272692279387,68.68972748111595
KOR,"Korea, Rep.",49595466.90909091,6.634636358781294,25.275454607876863,68.0897279219194,70.47127255526456,6.443272764032536,17.62154548818415,5.463909019123424,76.9145453192971,23.085454507307574
KWT,Kuwait,3016968.272727273,2.467454520138828,24.029181740500718,73.50354558771308,98.0409102006392,0.6706363612955265,1.1759090891467752,0.11254545431372476,98.71154656193472,1.2884545434605
LAO,Lao PDR,6245584.2727272725,71.58154435591265,8.305363568392664,20.113363612781857,15.556000102650046,0.4760909134691412,50.285908563570544,33.68200007351962,16.032091016119185,83.96790863709016
LBN,Lebanon,5291579.454545454,15.378090945157128,24.463363647460945,60.15818162397905,63.09372745860706,9.032090750607578,23.94172724810514,3.932454542680219,72.12581820921464,27.874181790785357
LBR,Liberia,3863250.727272727,47.14954514936968,10.841727430170218,42.00863647460936,19.535545349121072,1.8929090824994173,64.24381929094143,14.327726971019388,21.42845443162049,78.57154626196082
LBY,Libya,6153142.545454546,20.158454548228864,25.694363507357508,54.1471817710183,93.06281696666372,1.1499090844934636,5.30963637883013,0.47763635624538736,94.21272605115718,5.7872727350755175
LCA,St. Lucia,172716.27272727274,19.566454627297155,18.635272979736328,61.798454631458625,64.11654489690608,6.48372728174383,28.284182418476448,1.1154545437205954,70.6002721786499,29.399636962197043
LKA,Sri Lanka,20237173,32.59209095348011,25.5475455197421,41.8605447248979,56.389363722367726,2.893181822516702,31.053636442531236,9.663727153431282,59.28254554488443,40.71736359596252
LSO,Lesotho,2008688.1818181819,11.402181885459209,42.273091056130156,46.32454577359287,82.41063620827414,0.43254544789140864,13.365909096869553,3.7909090735695568,82.84318165616556,17.15681817043911
LTU,Lithuania,3099364.909090909,9.93172732266513,26.91527279940519,63.15309143066406,87.17836345325817,2.224545435471969,8.901272762905473,1.6958181749690677,89.40290888873014,10.59709093787454
LUX,Luxembourg,511795.45454545453,1.4678181734952072,14.002545443448136,84.52972758900037,91.70554490522905,2.8547272682189937,5.027818139303815,0.41181817786259955,94.56027217344804,5.439636317166414
LVA,Latvia,2104728.272727273,9.07100014253097,25.190454483032227,65.73845464533025,88.56545396284625,3.738727266138251,6.401181789961737,1.2946363741701301,92.3041812289845,7.695818164131867
MAC,"Macao SAR, China",540505.6363636364,0.398000001907349,16.795999960465874,82.80563562566584,92.15254558216442,3.2972727038643583,3.9439091194759666,0.6062727245417507,95.44981828602877,4.550181844017717
MAR,Morocco,32438963.181818184,40.720090692693525,21.08545442060991,38.19454539905895,45.716272874311976,2.5556363192471583,27.403908989646204,24.324181816794663,48.27190919355913,51.72809080644087
MDA,Moldova,2864081.3636363638,31.01627280495383,18.364545301957573,50.61918189308861,67.88790997591886,0.7440000013871627,28.795817862857483,2.5722726800225004,68.63190997730602,31.368090542879983
MDG,Madagascar,21203962.636363637,73.46236419677736,6.100909059697931,20.436636491255335,11.007999940351999,2.6252727291800766,42.41663622856141,43.95009127530184,13.633272669532076,86.36672750386325
MDV,Maldives,375282.0909090909,12.823909152637844,21.031363573941317,66.14472822709516,69.96099922873758,3.587727286598899,17.440818266435123,9.010454524647095,73.54872651533648,26.451272791082218
MEX,Mexico,114010741.27272727,13.891454436562283,25.12854524092241,60.980000235817634,66.37590928511186,4.618181792172519,22.735182025215856,6.270727244290438,70.99409107728438,29.005909269506294
MKD,North Macedonia,2070532.5454545454,18.67963652177291,30.89445460926401,50.4260007684881,72.19754583185372,5.095363746989858,13.092272715135046,9.614818052812062,77.29290957884358,22.707090767947108
MLI,Mali,15062879,68.20681762695311,8.643000039187344,23.150090997869317,17.886091058904473,0.8733636249195446,51.60109004107389,29.639454581520766,18.759454683824018,81.24054462259465
MLT,Malta,417645.8181818182,1.5238181786103682,24.508909398859192,73.966909235174,86.17181812633167,4.46318179910833,9.317181806164715,0.0478181816976182,90.63499992544,9.364999987862333
MMR,Myanmar,50715597.54545455,53.903909163041554,17.096272555264573,28.9995455308394,32.30154505642978,2.6230000365864137,34.455091671510196,30.62036340886896,34.92454509301619,65.07545508037916
MNE,Montenegro,618700.7272727273,6.85254547812722,18.217636281793762,74.92981928045099,81.35327217795631,7.621727206490258,9.158181916583667,1.8668181787837668,88.97499938444658,11.025000095367433
MNG,Mongolia,2738190,35.332363822243416,17.379636331038053,47.287817868319436,45.13854494961826,1.2365454489534535,45.034364044666276,8.59054555676201,46.375090398571714,53.624909601428286
MOZ,Mozambique,23626296,76.14672712846236,5.513727253133601,18.339636369185026,11.746000029824003,2.79081817106767,57.64427198063244,27.81890903819692,14.536818200891673,85.46318101882936
MRT,Mauritania,3511122.909090909,56.65218145197089,12.065000013871636,31.282727154818456,42.80881777676669,2.6206363981420355,44.33354579318654,10.237000031904742,45.42945417490872,54.57054582509128
MUS,Mauritius,1248573.4545454546,8.43790908293291,29.44972714510832,62.11245450106534,79.9415449662642,3.625636404210871,14.262818108905458,2.170000000433488,83.56718137047507,16.432818109338946
MWI,Malawi,14597213,48.497819033536054,13.991181807084518,37.51081882823596,38.15272660688922,1.1340000087564637,53.904727881604956,6.808545502749361,39.286726615645684,60.713273384354316
MYS,Malaysia,28101593.636363637,13.422818270596581,28.493636564774963,58.08363654396753,74.88799979469994,3.6845454302701093,16.85499988902699,4.572454539212313,78.57254522497004,21.4274544282393
NAM,Namibia,2121162.909090909,28.509090770374645,14.565363623879172,56.9254545731978,64.642181396484375,4.511363679712468,24.356999137184832,6.489454572851006,69.15354507619685,30.84645371003584
NCL,New Caledonia,251195.45454545456,2.588727279142899,21.901090621948253,75.51018246737392,82.61218123002486,5.365727294575083,11.744181864640925,0.27790909057313584,87.97790852459994,12.022090955214061
NER,Niger,16606175.454545455,76.95536318692294,7.5708181641318575,15.4739092913541,8.308999885212291,0.8214545412497088,59.60300127484581,31.266545382413014,9.130454426462,90.86954665725882
NGA,Nigeria,159107546.45454547,41.119817907159984,11.041454488580882,47.83900000832299,18.25381851196289,3.6713636138222436,62.55636349591342,15.51845472509212,21.925182125785135,78.07481822100554
NIC,Nicaragua,5826683.909090909,29.780454462224764,18.68109096180309,51.53845457597211,51.981000033291906,4.640090942382812,32.859272610057495,10.519636414267787,56.62109097567472,43.37890902432528
NLD,Netherlands,16608767.181818182,2.933272730220448,18.212454535744417,78.85418146306819,84.91408954967154,3.9509090510281646,10.580909011038885,0.5540909144011419,88.8649986006997,11.134999925440027
NOR,Norway,4896039.454545454,2.5789091153578325,20.475181579589837,76.94590897993608,92.4875453602184,1.9309090592644418,5.354363717816094,0.22718181935223658,94.41845441948284,5.5815455371683305
NPL,Nepal,26693478.09090909,70.0796363136985,13.281181768937545,16.639181743968617,18.04299961436878,0.9818181774832991,36.322270761836656,44.65290901877663,19.02481779185208,80.97517978061329
NZL,New Zealand,4345000,6.747727264057505,21.07500024275347,72.17709142511544,83.4293642911044,4.8237272175875585,10.754545645280317,0.992363626306707,88.25309150869197,11.746909271587024
OMN,Oman,3202390.909090909,6.374454498291016,30.270545265891318,63.35518160733309,95.61527252197266,1.2732727419246328,2.9565454924648447,0.15490909191695135,96.88854526389729,3.111454584381796
PAK,Pakistan,179577522.8181818,43.027999877929695,21.680909070101663,35.29109087857333,38.19272717562589,1.1778181845491595,35.94100027192722,24.688454367897727,39.37054536017505,60.62945463982495
PAN,Panama,3645091.8181818184,16.339090780778374,18.856363643299463,64.80463756214489,67.05872761119495,3.0547272725538774,25.75172727758233,4.134818185459483,70.11345488374883,29.886545463041813
PER,Peru,29071825.90909091,29.266090739857052,16.220454216003407,54.513363924893476,43.517636039040326,5.1400909423828125,34.69609130512583,16.646181713451035,48.65772698142314,51.34227301857687
PHL,Philippines,94107627,32.81554499539462,15.627454497597435,51.556817835027516,54.362817937677555,3.850727319717408,30.013909274881527,11.77254546772351,58.21354525739496,41.78645474260504
PNG,Papua New Guinea,7302534.818181818,66.37509051236239,4.750909155065362,28.874090888283472,18.947636344216082,1.50554545359178,41.853181741454414,37.6936368075284,20.45318179780786,79.54681854898281
POL,Poland,38082926.36363637,13.521363691850146,30.542091196233564,55.93654528531161,77.0956372347745,4.097727298736572,14.936818231235847,3.8698181022297256,81.19336453351107,18.806636333465573
PRI,Puerto Rico,3686064.4545454546,1.394000010056928,17.6527271270752,80.95336359197442,84.61490977894177,4.0200909267772325,11.157181890173376,0.20781818438659982,88.635000705719,11.365000074559976
PRK,"Korea, Dem. Peopleâ€™s Rep.",24552701.363636363,53.353090806440875,15.516181599010126,31.13072759454903,9.94990912350741,1.7327272891998282,38.96654521335256,49.35090879960494,11.68263641270724,88.3174540129575
PRT,Portugal,10505176.636363637,10.664636308496648,27.172636205499817,62.16272804953834,77.22436384721237,5.310454411940142,16.609909366477623,0.8552727211605422,82.53481825915252,17.465182087638166
PRY,Paraguay,6253005.090909091,26.012272748080175,17.9888182553378,55.99890934337269,51.912545290860265,5.4560908837751905,34.69409105994485,7.937272765419699,57.368636174635455,42.63136382536455
PSE,West Bank and Gaza,3788331.3636363638,12.737636392766783,25.79345460371537,61.46918175437234,64.8091812133789,5.648727243596858,20.756454554471098,8.785636294971816,70.45790845697576,29.542090849442914
PYF,French Polynesia,266375.8181818182,8.656363660638984,16.36472719365901,74.97881872003728,83.45008988813919,3.950181809338657,12.142090634866184,0.45763636719096823,87.40027169747785,12.599727002057152
QAT,Qatar,1786175.4545454546,1.766545469110662,52.145818190141156,46.0877272865989,99.33654646439986,0.4156363660638982,0.22309090700847212,0.02472727309743117,99.75218283046375,0.24781818010590329
ROU,Romania,20405682.818181816,29.398545525290746,29.540363658558256,41.0611818486994,66.91300062699752,1.3457272702997383,19.618363770571612,12.12290919910778,68.25872789729725,31.741272969679393
RUS,Russian Federation,143212388.27272728,8.078091014515275,28.194000070745282,63.72790908813477,92.24572753906249,1.2453636364503344,6.238363671709188,0.2705454562198035,93.49109117551282,6.508909127928992
RWA,Rwanda,10055564.454545455,77.95018144087358,5.844181711023502,16.205636371265754,23.20527258786289,0.0589090907438235,45.57218263399871,31.163636641068905,23.264181678606715,76.73581927506761
SAU,Saudi Arabia,27595404.181818184,4.484727252613416,21.577363621104844,73.9380007657138,93.77090870250355,2.01700001413172,4.153181758624585,0.058909091251817536,95.78790871663527,4.212090849876403
SDN,Sudan,34714383.36363637,45.45809069546785,15.083908948031336,39.45818155462092,41.84254594282671,5.360181851820512,32.32599912990223,20.471273075450554,47.202727794647224,52.79727220535278
SEN,Senegal,12740800.636363637,38.04890927401458,12.800909129056064,49.14990858598189,28.950909181074664,0.7830909057097001,46.10081883994014,24.165181940252147,29.734000086784363,70.26600078019229
SGP,Singapore,5005403.636363637,0.9092727249318896,21.075727115977898,78.0147268121893,85.09200009432706,5.412181810899215,8.875909233635124,0.61981817538088,90.50418190522628,9.495727409016004
SLB,Solomon Islands,531695.1818181818,44.37181819568982,8.534454519098453,47.093727805397734,31.44463625821201,0.972454542463476,11.837272519415064,55.74563667990944,32.41709080067549,67.5829091993245
SLE,Sierra Leone,6419574.909090909,63.22354680841619,5.673363598910244,31.103181838989254,10.414363514293324,2.5904545783996573,80.13599998300727,6.859181924299762,13.004818092692982,86.99518190730703
SLV,El Salvador,6185951.818181818,19.66063638166949,21.781454606489692,58.5576373013583,58.624454845081694,4.237363663586704,29.14418153329327,7.99399995803833,62.8618185086684,37.1381814913316
SOM,Somalia,12075086.090909092,83.82099914550784,4.106727209958163,12.07236359336159,11.087636254050508,1.0807272629304354,47.130363865332164,40.70127279108221,12.168363516980945,87.83163665641437
SRB,Serbia,7274513.545454546,21.697545831853674,26.520636645230383,51.781909249045626,67.47099928422409,3.9362727728756983,19.936636036092587,8.656090866435655,71.40727205709979,28.59272690252824
SSD,South Sudan,9337814.636363637,56.66272770274769,16.54827273975718,26.789000077681116,14.256818251176309,3.3634545369581748,45.046000849116915,37.333727403120584,17.620272788134486,82.3797282522375
STP,Sao Tome and Principe,179363.0909090909,24.40572738647461,17.7844546924938,57.80981826782227,48.25854561545632,1.590909101746299,44.655363462188035,5.4951818206093535,49.84945471720262,50.15054528279739
SUR,Suriname,529221.4545454546,7.693363709883257,24.231545535000883,68.07527299360794,85.14109108664773,1.4125454479997799,12.059636370702231,1.3867272680455986,86.55363653464751,13.44636363874783
SVK,Slovak Republic,5394486.909090909,3.675363627347079,37.69090929898349,58.63409077037464,85.32799946178089,3.2399999878623262,11.297272670675431,0.1347272727977149,88.56799944964322,11.431999943473146
SVN,Slovenia,2039136.1818181819,8.84699994867498,33.20372737537732,57.949091477827594,83.65572703968394,3.4308182109485954,8.165545506910833,4.747909069061279,87.08654525063254,12.913454575972112
SWE,Sweden,9383519,2.1172727454792373,20.237000205300056,77.6456361250444,89.439546064897,3.7825454581867564,6.5294544534249646,0.2484545436772425,93.22209152308376,6.777908997102207
SWZ,Eswatini,1065345.0909090908,15.215727285905318,25.317636316472836,59.4668187228116,69.30990878018466,1.9624545465816154,26.67836344242095,2.0492727106267736,71.27236332676627,28.727636153047722
SYR,Syrian Arab Republic,19850362.636363637,15.833090782165527,29.55900001525881,54.60790911587801,60.36045490611683,5.920909036289561,28.506727023558202,5.211818174882371,66.28136394240639,33.71854519844057
TCD,Chad,12018940.818181818,78.55054543235086,2.3350000164725544,19.114454442804508,6.499636346643621,0.23299999806013982,65.2796368802136,27.98772725191982,6.732636344703761,93.26736413213342
TGO,Togo,6439676.2727272725,43.78681841763582,12.514363635670055,43.69890941273082,13.437636375427244,1.6565454331311318,58.36345398426058,26.542454806241118,15.094181808558377,84.9059087905017
THA,Thailand,67150520.36363636,38.494908419522375,21.497181805697345,40.008090626109734,44.38145412098278,2.7593636512756348,31.823364127765984,21.0358180999756,47.140817772258416,52.859182227741584
TJK,Tajikistan,7565057.454545454,52.202545166015625,15.920454372059218,31.87699994173917,54.24527254971591,1.0905454700643364,17.8290911696174,26.835090810602367,55.33581801978024,44.664181980219766
TKM,Turkmenistan,5118709.545454546,24.907636642456065,39.09499983354047,35.99736369739879,71.28009171919389,1.8191818324002356,22.23381818424571,4.6669091311368085,73.09927355159412,26.900727315382518
TLS,Timor-Leste,1094660.2727272727,50.79072709517046,9.429363684220748,39.779818101362764,28.991909027099627,1.54136365110224,41.43018148162148,28.036545493386022,30.533272678201868,69.4667269750075
TON,Tonga,102393,28.19881803339179,29.47445470636541,42.32681829279119,45.10854547674006,1.0945454510775463,36.01818197423761,17.77872709794478,46.203090927817605,53.796909072182395
TTO,Trinidad and Tobago,1330763.5454545454,3.8214545900171455,29.820636575872253,66.357635498046875,79.153000571511,4.750636360862039,15.479545574296601,0.6168181869116687,83.90363693237305,16.09636376120827
TUN,Tunisia,10633915,17.207454334605828,33.08490926569158,49.707636052911916,70.52799918434839,6.223000006242232,18.42081841555509,4.828181873668321,76.75099919059062,23.24900028922341
TUR,Turkey,72735988.81818181,23.195545369928546,26.498181949962273,50.30618216774681,61.91081792658027,5.252909096804531,19.84027225320989,12.996000029823989,67.16372702338481,32.83627228303388
TZA,Tanzania,44600476.36363637,70.41063551469283,5.7796362963589765,23.809727061878544,11.605091008273043,2.14845452525399,63.852090542966685,22.39436349001796,13.753545533527033,86.24645403298464
UGA,Uganda,32625666.454545453,68.60472661798651,7.566272778944536,23.82881858132102,18.929363510825407,2.0383636463772166,60.00754528154028,19.02472747455942,20.967727157202624,79.0322727560997
UKR,Ukraine,45981766,19.712727199901227,25.771454724398517,54.51563609730113,81.7590921575373,1.0749091126702055,16.801000162959106,0.3649090948429965,82.8340012702075,17.165909257802102
URY,Uruguay,3361628.6363636362,10.100181926380518,21.175999901511464,68.72399902343749,71.62072684548119,4.672090877186167,22.32899976860392,1.3781818151474035,76.29281772266735,23.707181583751325
USA,United States,308693875.3636364,1.3750909241763019,20.64618180014871,77.9787271673029,93.06309093128553,2.8045454675501054,4.056818103248424,0.0755454545671288,95.86763639883563,4.132363557815553
UZB,Uzbekistan,28597231.818181816,31.191727031360962,25.377545443448145,43.43063631924714,53.66554503007369,1.3065454634753144,33.90809133919804,11.119818167252966,54.972090493549004,45.027909506451
VCT,St. Vincent and the Grenadines,108550.18181818182,12.886727246371182,20.54200016368519,66.57118225097656,74.44154635342684,5.644818132573907,18.270272753455426,1.6433636275204755,80.08636448600075,19.913636380975902
VEN,"Venezuela, RB",28436216.727272727,8.32227273420854,21.713181755759507,69.9644546508789,64.42345393787731,3.7327272458509952,30.513636296445668,1.3301818262446972,68.15618118372831,31.843818122690365
VIR,Virgin Islands (U.S.),108222.45454545454,4.220454497770831,22.719636223532937,73.05981792103162,87.86672696200284,5.081272732127795,6.9136364114555455,0.13836363432082344,92.94799969413064,7.052000045776369
VNM,Vietnam,88090209,48.50945455377753,21.06936350735752,30.421272451227363,33.36127229170366,2.595636329867623,43.51145488023757,20.531636498191155,35.95690862157129,64.04309137842873
VUT,Vanuatu,238008.27272727274,60.86945412375709,6.4647272716869,32.66600001942028,27.389454754916116,1.4623636440797283,62.12163598970933,9.0265454378995,28.851818398995846,71.14818142760883
WSM,Samoa,186311.36363636365,34.7140912142667,23.124727422540847,42.161091197620735,64.4891815185547,4.6828182177110165,28.973363562063746,1.8546363548799008,69.17199973626572,30.827999916943646
YEM,"Yemen, Rep.",23217298.181818184,27.3855455571955,16.570908979936064,56.04363666881215,51.335273049094475,6.941545486450197,30.790545116771355,10.932636347683989,58.27681853554467,41.723181464455344
ZAF,South Africa,51402094.18181818,5.452636328610507,24.734727339311092,69.81263594193892,83.75918232310902,6.098181767897171,9.46636352213946,0.676272733645007,89.85736409100619,10.142636255784467
ZMB,Zambia,13717845.818181818,63.18381812355736,8.831908962943336,27.984363729303535,19.21872711181641,0.4082727296785878,44.80600020289422,35.566999955610775,19.626999841494996,80.373000158505
ZWE,Zimbabwe,12804860.454545455,66.09527241099964,8.614818226207387,25.290363658558245,34.34963642467153,0.49045454372059216,54.89963561838321,10.260181860490299,34.840090968392126,65.1598174788735
